{"cameraMode":{"drawMode":0,"name":"Shaded","section":"Shading Mode"},"sceneLighting":true,"audioPlay":false,"sceneViewState":{"m_AlwaysRefresh":false,"showFog":true,"showSkybox":true,"showFlares":true,"showImageEffects":true,"showParticleSystems":true,"showVisualEffectGraphs":true,"m_FxEnabled":true},"in2DMode":false,"pivot":{"x":5.00360631942749,"y":5.981855869293213,"z":-4.661049842834473},"rotation":{"x":0.007499669678509235,"y":0.0029999909456819298,"z":-0.000022507638277602382,"w":0.9999693632125855},"size":4.743013858795166,"orthographic":false}